{"pinar de chamartin": [39.90860624521267, 68.93969777716241], "valdecarros": [60.091393755189166, 21.984697150295965], "las rosas": [57.19725818759346, 46.91569891778128], "cuatro caminos": [29.702970297041638, 55.918351936817594], "moncloa": [25.43792840803783, 51.037012361628], "villaverde alto": [27.64661081492948, 14.726632825202403], "arguelles": [26.275704493521378, 49.518558465528095], "casa de campo": [14.01370906364003, 38.783425044409135], "alameda de osuna": [61.46230007659727, 60.04107906219424], "laguna": [18.58339680139915, 37.26567937994861], "carpetana": [19.42117288648086, 34.66403362180084], "pitis": [23.457730388717263, 74.69285049684225], "hospital del henares": [76.16146230013767, 44.421533910055814], "aeropuerto t4": [59.78674790563018, 73.2815830104265], "nuevos ministerios": [32.977913176184245, 55.701384236023706], "paco de lucia": [28.103579588866133, 76.53846874304077], "arganda del rey": [100.0, 0.0], "puerta del sur": [0.0, 16.243077756911063], "hospital infanta sofia": [55.064737243091564, 100.0]}